{"cameraMode":{"drawMode":0,"name":"Shaded","section":"Shading Mode"},"sceneLighting":false,"audioPlay":false,"sceneViewState":{"showFog":false,"showMaterialUpdate":false,"showSkybox":false,"showFlares":false,"showImageEffects":false,"showParticleSystems":false,"showVisualEffectGraphs":true,"m_FxEnabled":true},"in2DMode":false,"pivot":{"x":-0.031151533126831056,"y":2.491623640060425,"z":0.031183958053588868},"rotation":{"x":0.17948059737682343,"y":-0.7693899869918823,"z":0.24588659405708314,"w":0.5616985559463501},"size":2.9472436904907228,"orthographic":false}